A-100000001,root,000000,root,root@gmail.com,sgd,Admin,0,0,0,0
S-100000001,shaco,121484,MDBA,ddd@mail.com,sgd,Savings,200000,3000,1095809.8469982524,1095809.8469982524
B-100000001,Pyhsikstudent,123456,Very Human Name,saveukraine@russia.com,usd,Business,200000,200000,0.0,0.0
S-100000002,64982785237852,072199,sean ow,no@no.com,jpy,Savings,8900000,999999,3768662.882173843,3768662.882173843
S-100000003,RikoSakurauchi,072199,Riko Sakurauchi,no@you.com,hkd,Savings,570000,570000,3.89542232131327E20,3.89542232131327E20
S-100000004,a,123456,b,no@a.b,eur,Savings,200000,3000,0,0
C-100000001,xianghui999,123456,Zhang XiangHui,sdfsadfssdf@gmail.com,sgd,Current,200000,3000,5.001021916141531E8,5.001021916141531E8
C-100000002,RikoSakurauchi,072199,Riko Sakurauchi,no@you.com,sgd,Current,200000,3000,696905.69,696905.69
